Color variability,Streaks,asymmetry
0.2932,0.0,0.523
0.0,0.0,0.0
0.245,0.0,0.728
0.248,0.0,0.692
0.0,0.0,0.0
0.207,0.0,0.904
0.0,0.0,0.0
0.0,0.0,0.0
0.621,0.0,0.158
0.1866,0.0,0.522
0.421,0.0,0.628
0.0,0.0,0.0
0.4736,0.0,0.883
0.0,0.0,0.0
0.0,0.0,0.0
0.0,0.0,0.0
0.5396,0.0,0.705
0.31,0.0,0.771
0.0,0.0,0.0
0.0,0.0,0.0
0.3323,0.0,0.419
0.0,0.0,0.0
0.02419,0.0,0.589
0.6055,0.0,0.792
0.0,0.0,0.0
0.0,0.0,0.0
0.08276,0.0,0.506
0.0,0.0,0.0
0.0,0.0,0.0
0.2344,0.0,0.78
0.6616,0.0,0.832
0.0,0.0,0.0
0.55,0.0,0.799
0.0,0.0,0.0
0.5464,0.0,0.126
0.0,0.0,0.0
0.4167,0.0,0.732
0.5557,0.0,0.126
0.213,0.0,0.564
0.0,0.0,0.0
0.36,0.0,0.0
0.0,0.0,0.0
0.1685,0.0,0.64
0.4915,0.0,0.832
0.5894,0.0,0.814
0.0,0.0,0.0
0.3572,0.0,0.216
0.4731,0.0,0.916
0.5693,0.0,0.698
0.2142,0.0,0.758
0.4192,0.0,0.512
0.0,0.0,0.0
0.3333,0.0,0.85
0.2505,0.0,0.728
0.0,0.0,0.0
0.01,0.0,0.729
0.3333,0.0,0.745
0.0,0.0,0.0
0.7188,0.0,0.393
0.0,0.0,0.0
0.0,0.0,0.0
0.0,0.0,0.0
0.706,0.0,0.85
0.07074,0.0,0.659
0.0994,0.0,0.762
0.2502,0.0,0.728
0.1648,1.0,0.099
0.0,0.0,0.0
0.2152,0.0,0.723
0.618,0.0,0.83
0.0,0.0,0.0
0.0,0.0,0.0
0.291,0.0,0.618
0.3735,0.0,0.713
0.5415,0.0,0.711
0.4,0.0,0.009
0.0,0.0,0.0
0.0,0.0,0.0
0.2275,0.0,0.765
0.4333,1.0,0.08
0.2673,0.0,0.364
0.1412,0.0,0.805
0.0,0.0,0.0
0.717,0.0,0.78
0.10266,0.0,0.738
0.0,0.0,0.0
0.49,0.0,0.268
0.01,0.0,0.829
0.2488,0.0,0.703
0.5283,0.0,0.842
0.0657,0.0,0.858
0.507,0.0,0.709
0.0,0.0,0.0
0.0,0.0,0.0
0.6514,0.0,0.928
0.0,0.0,0.0
0.0,0.0,0.0
0.2979,0.0,0.749
0.0,0.0,0.0
0.4795,0.0,0.876
0.387,0.0,0.577
0.5977,0.0,0.621
0.471,1.0,0.518
0.4817,0.0,0.076
0.2017,0.0,0.421
0.0,0.0,0.0
0.3394,0.0,0.853
0.0,0.0,0.0
0.4407,0.0,0.024
0.312,0.0,0.813
0.755,0.0,0.816
0.1333,0.0,0.854
0.2141,0.0,0.608
0.0,0.0,0.0
0.4146,0.0,0.868
0.5166,0.0,0.626
0.0,0.0,0.0
0.0,0.0,0.0
0.641,0.0,0.58
0.4397,0.0,0.529
0.0,0.0,0.0
0.0,0.0,0.0
0.0,0.0,0.0
0.0,0.0,0.0
0.0,0.0,0.0
0.493,0.0,0.828
0.6606,0.0,0.672
0.01,0.0,0.749
0.3425,0.0,0.889
0.0,0.0,0.0
0.318,0.0,0.865
0.649,0.0,0.748
0.345,0.0,0.828
0.4207,1.0,0.702
0.0,0.0,0.0
0.4036,0.0,0.0
0.0,0.0,0.0
0.5405,0.0,0.294
0.513,0.0,0.06
0.0010395,0.0,0.613
0.0,0.0,0.0
0.0,0.0,0.0
0.66,0.0,0.942
0.5693,0.0,0.55
0.4,0.0,0.858
0.0,0.0,0.0
0.4578,0.0,0.301
0.0,0.0,0.0
0.0,0.0,0.0
0.0,0.0,0.0
0.0,0.0,0.0
0.0,0.0,0.0
0.421,1.0,0.595
0.0,0.0,0.0
0.01,0.0,0.709
0.0653,0.0,0.843
0.4343,0.0,0.321
0.0,0.0,0.0
0.1595,0.0,0.795
0.0,0.0,0.0
0.1403,0.0,0.057
0.3901,0.0,0.863
0.1722,0.0,0.205
0.4392,1.0,0.194
0.3782,0.0,0.589
0.0,0.0,0.0
0.1783,0.0,0.831
0.376,0.0,0.572
0.2603,0.0,0.365
0.0,0.0,0.0
0.0,0.0,0.0
0.0,0.0,0.0
0.3687,0.0,0.59
0.4795,0.0,0.753
0.0,0.0,0.0
0.1218,0.0,0.259
0.4255,0.0,0.724
0.0,0.0,0.0
0.3645,0.0,0.526
0.4365,0.0,0.763
0.2666,0.0,0.089
0.564,0.0,0.851
0.0,0.0,0.0
0.0,0.0,0.0
0.4797,0.0,0.836
0.01,1.0,0.468
0.715,0.0,0.363
0.4812,0.0,0.681
0.0,0.0,0.0
0.1282,0.0,0.69
0.4194,0.0,0.88
0.0,0.0,0.0
0.0,0.0,0.0
0.3333,1.0,0.894
0.4685,1.0,0.409
0.4392,0.0,0.838
0.0,0.0,0.0
0.1724,0.0,0.814
0.3384,1.0,0.323
0.2117,0.0,0.476
0.619,0.0,0.807
0.0,0.0,0.0
0.0,0.0,0.0
0.3835,1.0,0.087
0.0,0.0,0.0
0.1678,0.0,0.672
0.0,0.0,0.0
0.415,1.0,0.796
0.0,0.0,0.0
0.4436,1.0,0.178
0.7637,1.0,0.627
0.0,0.0,0.0
0.0,0.0,0.0
0.0,0.0,0.0
0.0,0.0,0.0
0.0,0.0,0.0
0.463,0.0,0.891
0.464,0.0,0.129
0.523,0.0,0.83
0.5454,0.0,0.891
0.0,0.0,0.0
0.0,0.0,0.0
0.0,0.0,0.0
0.4705,0.0,0.588
0.0,0.0,0.0
0.0,0.0,0.0
0.098,0.0,0.202
0.5864,1.0,0.803
0.0,0.0,0.0
0.0,0.0,0.0
0.01,0.0,0.666
0.3494,0.0,0.592
0.0,0.0,0.0
0.07996,0.0,0.853
0.0,0.0,0.0
0.5264,0.0,0.389
0.28,1.0,0.806
0.0,0.0,0.0
0.0,0.0,0.0
0.0,0.0,0.0
0.0,0.0,0.0
0.2698,1.0,0.273
0.0,0.0,0.0
0.2471,0.0,0.852
0.572,0.0,0.849
0.1855,0.0,0.668
0.6157,0.0,0.682
0.0,0.0,0.0
0.0,0.0,0.0
0.5557,1.0,0.38
0.0,0.0,0.0
0.0,0.0,0.0
0.1454,0.0,0.747
0.507,0.0,0.896
0.10065,0.0,0.767
0.459,0.0,0.867
0.506,0.0,0.718
0.4707,0.0,0.0
0.0,0.0,0.0
0.624,1.0,0.928
0.0,0.0,0.0
0.0,0.0,0.0
0.5195,0.0,0.765
0.0,0.0,0.0
0.07983,0.0,0.742
0.4097,1.0,0.879
0.6826,0.0,0.574
0.524,0.0,0.826
0.3171,0.0,0.921
0.4485,0.0,0.614
0.0107,0.0,0.64
0.12274,0.0,0.684
0.354,0.0,0.667
0.2742,0.0,0.677
0.7495,0.0,0.857
0.618,0.0,0.753
0.551,0.0,0.643
0.546,0.0,0.907
0.0,0.0,0.0
0.2874,0.0,0.308
0.508,0.0,0.915
0.67,0.0,0.807
0.534,0.0,0.49
0.4468,0.0,0.573
0.0,0.0,0.0
0.4143,0.0,0.557
0.0,0.0,0.0
0.01,0.0,0.688
0.01,0.0,0.837
0.551,0.0,0.729
0.338,0.0,0.582
0.659,0.0,0.845
0.581,1.0,0.172
0.562,0.0,0.756
0.1831,0.0,0.899
0.198,0.0,0.845
0.5,0.0,0.53
0.646,0.0,0.927
0.3125,0.0,0.792
0.0,0.0,0.0
0.633,0.0,0.711
0.0,0.0,0.0
0.4644,0.0,0.8
0.4592,0.0,0.591
0.814,1.0,0.836
0.2283,1.0,0.452
0.0,0.0,0.0
0.2264,0.0,0.893
0.6484,0.0,0.773
0.7627,0.0,0.824
0.3914,0.0,0.61
0.1036,0.0,0.858
0.2485,0.0,0.918
0.3623,0.0,0.929
0.529,0.0,0.934
0.637,0.0,0.873
0.4624,0.0,0.647
0.3904,0.0,0.691
0.308,0.0,0.817
0.4373,0.0,0.67
0.533,0.0,0.921
0.0,0.0,0.0
0.1621,0.0,0.605
0.06116,0.0,0.775
0.4565,0.0,0.645
0.556,0.0,0.931
0.5376,0.0,0.36
0.225,0.0,0.495
0.5327,0.0,0.944
0.0,0.0,0.0
0.8,0.0,0.427
0.546,0.0,0.927
0.343,0.0,0.551
0.3525,0.0,0.672
0.457,1.0,0.672
0.641,0.0,0.904
0.3408,1.0,0.653
0.4822,0.0,0.507
0.4858,0.0,0.794
0.448,0.0,0.674
0.724,0.0,0.722
0.4924,0.0,0.677
0.0852,0.0,0.808
0.468,0.0,0.872
0.04825,0.0,0.675
0.544,0.0,0.879
0.0,0.0,0.0
0.0,0.0,0.0
0.5815,0.0,0.764
0.1486,0.0,0.859
0.35,0.0,0.64
0.0,0.0,0.0
0.0,0.0,0.0
0.3137,0.0,0.757
0.2622,0.0,0.809
0.4182,0.0,0.908
0.6587,0.0,0.482
0.6206,0.0,0.817
0.3708,0.0,0.672
0.6504,0.0,0.901
0.523,0.0,0.821
0.623,0.0,0.659
0.1788,0.0,0.726
0.5923,0.0,0.164
0.4426,0.0,0.887
0.0,0.0,0.0
0.2053,0.0,0.717
0.238,0.0,0.583
0.4243,0.0,0.839
0.412,0.0,0.843
0.0784,0.0,0.85
0.442,0.0,0.605
0.474,0.0,0.55
0.4294,0.0,0.934
0.3281,0.0,0.818
0.476,0.0,0.758
0.2122,0.0,0.202
0.09503,0.0,0.635
0.69,0.0,0.823
0.7007,0.0,0.875
0.0,0.0,0.0
0.641,0.0,0.441
0.6704,0.0,0.415
0.7305,0.0,0.753
0.4988,0.0,0.903
0.5977,0.0,0.946
0.0715,0.0,0.708
0.3567,0.0,0.741
0.06665,0.0,0.893
0.517,0.0,0.907
0.6885,0.0,0.353
0.543,1.0,0.859
0.01,0.0,0.702
0.1951,0.0,0.793
0.728,0.0,0.804
0.4133,0.0,0.376
0.643,0.0,0.901
0.01,0.0,0.72
0.6,0.0,0.0
0.54,0.0,0.506
0.0,0.0,0.0
0.3613,0.0,0.785
0.598,0.0,0.821
0.5654,0.0,0.715
0.238,1.0,0.749
0.6484,0.0,0.711
0.6304,0.0,0.408
0.711,1.0,0.843
0.07794,0.0,0.802
0.1472,0.0,0.786
0.4604,0.0,0.185
0.06494,0.0,0.273
0.3586,0.0,0.574
0.1904,0.0,0.09
0.11475,0.0,0.844
0.2632,1.0,0.144
0.4,0.0,0.799
0.3618,0.0,0.874
0.6113,0.0,0.787
0.807,0.0,0.867
0.4263,0.0,0.121
0.542,0.0,0.828
0.3313,0.0,0.823
0.2688,0.0,0.859
0.545,0.0,0.673
0.6084,0.0,0.549
0.4363,0.0,0.6
0.6665,1.0,0.895
0.691,0.0,0.896
0.2385,0.0,0.881
0.423,0.0,0.836
0.2247,0.0,0.89
0.2078,0.0,0.917
0.639,0.0,0.308
0.5283,0.0,0.771
0.01,0.0,0.77
0.3843,0.0,0.801
0.2932,0.0,0.832
0.0909,0.0,0.892
0.529,0.0,0.684
0.6675,0.0,0.452
0.4329,0.0,0.321
0.4766,0.0,0.815
0.4763,1.0,0.705
0.0909,0.0,0.854
0.2842,0.0,0.724
0.2034,1.0,0.791
0.4421,0.0,0.649
0.2722,0.0,0.709
0.4382,0.0,0.935
0.409,0.0,0.584
0.655,0.0,0.564
0.1566,0.0,0.647
0.0647,0.0,0.654
0.6553,0.0,0.771
0.3628,0.0,0.794
0.1831,0.0,0.563
0.3938,0.0,0.489
0.457,0.0,0.827
0.5093,0.0,0.65
0.234,1.0,0.368
0.4539,0.0,0.868
0.02472,0.0,0.537
0.4102,0.0,0.432
0.1288,0.0,0.517
0.563,1.0,0.164
0.3064,0.0,0.425
0.524,0.0,0.33
0.5747,1.0,0.183
0.7627,0.0,0.533
0.4778,0.0,0.176
0.1742,0.0,0.702
0.3606,1.0,0.822
0.4631,0.0,0.724
0.3567,0.0,0.826
0.2415,0.0,0.714
0.188,0.0,0.735
0.604,0.0,0.698
0.8457,0.0,0.29
0.5576,0.0,0.162
0.416,0.0,0.74
0.2578,0.0,0.842
0.0357,0.0,0.763
0.274,0.0,0.135
0.01,0.0,0.737
0.653,0.0,0.359
0.5654,0.0,0.134
0.6206,0.0,0.808
0.6934,0.0,0.73
0.2617,0.0,0.096
0.686,1.0,0.181
0.2294,0.0,0.589
0.4568,0.0,0.563
0.2063,0.0,0.647
0.08386,0.0,0.029
0.5127,0.0,0.794
0.3616,0.0,0.808
0.0,0.0,0.0
0.1212,0.0,0.883
0.4172,0.0,0.559
0.4487,0.0,0.82
0.7617,0.0,0.564
0.1175,0.0,0.93
0.6763,0.0,0.705
0.4646,0.0,0.914
0.3362,0.0,0.147
0.5107,0.0,0.837
0.0,0.0,0.0
0.3035,0.0,0.64
0.0,0.0,0.0
0.1538,0.0,0.598
0.4644,0.0,0.656
0.574,0.0,0.325
0.0,0.0,0.0
0.6665,0.0,0.654
0.5654,0.0,0.759
0.6226,1.0,0.843
0.4497,0.0,0.831
0.2673,0.0,0.744
0.5977,0.0,0.365
0.5654,1.0,0.651
0.586,0.0,0.82
0.0,0.0,0.0
0.0,0.0,0.0
0.0,0.0,0.0
0.0,0.0,0.0
0.553,0.0,0.78
0.3267,0.0,0.789
0.0,0.0,0.0
0.4973,0.0,0.381
0.486,0.0,0.67
0.0,0.0,0.0
0.6294,0.0,0.736
0.0,0.0,0.0
0.635,0.0,0.285
0.0,0.0,0.0
0.0,0.0,0.0
0.1501,0.0,0.678
0.5376,0.0,0.789
0.0,0.0,0.0
0.747,0.0,0.717
0.0,0.0,0.0
0.5713,0.0,0.736
0.2917,0.0,0.634
0.0,0.0,0.0
0.0,0.0,0.0
0.4136,0.0,0.924
0.716,0.0,0.814
0.0,0.0,0.0
0.6343,0.0,0.562
0.0,0.0,0.0
0.4932,0.0,0.739
0.523,0.0,0.777
0.0,0.0,0.0
0.0,0.0,0.0
0.6084,0.0,0.781
0.478,0.0,0.858
0.454,0.0,0.792
0.4695,1.0,0.751
0.0,0.0,0.0
0.0,0.0,0.0
0.3433,0.0,0.853
0.638,0.0,0.843
0.0,0.0,0.0
0.571,0.0,0.703
0.0,0.0,0.0
0.4087,0.0,0.917
0.312,0.0,0.423
0.4229,0.0,0.672
0.2267,0.0,0.697
0.3,1.0,0.907
0.0,0.0,0.0
0.2637,0.0,0.089
0.0,0.0,0.0
0.462,0.0,0.755
0.2222,0.0,0.764
0.0,0.0,0.0
0.6104,1.0,0.676
0.517,0.0,0.699
0.3408,0.0,0.61
0.0,0.0,0.0
0.0,0.0,0.0
0.6816,0.0,0.754
0.0,0.0,0.0
0.3982,0.0,0.816
0.0,0.0,0.0
0.39,0.0,0.815
0.6216,0.0,0.546
0.0,0.0,0.0
0.2856,1.0,0.911
0.5674,0.0,0.656
0.0,0.0,0.0
0.588,0.0,0.751
0.3809,0.0,0.67
0.0,0.0,0.0
0.3142,0.0,0.631
0.0,0.0,0.0
0.7437,0.0,0.526
0.0,0.0,0.0
0.0,0.0,0.0
0.829,0.0,0.421
0.0,0.0,0.0
0.543,0.0,0.73
0.3333,0.0,0.584
0.03738,0.0,0.908
0.0,0.0,0.0
0.0,0.0,0.0
0.0,0.0,0.0
0.0,0.0,0.0
0.0,0.0,0.0
0.689,1.0,0.27
0.0,0.0,0.0
0.0,0.0,0.0
0.1758,0.0,0.633
0.0,0.0,0.0
0.0,0.0,0.0
0.4314,0.0,0.762
0.1847,0.0,0.444
0.541,0.0,0.886
0.4226,0.0,0.569
0.0,0.0,0.0
0.0,0.0,0.0
0.0,0.0,0.0
0.2153,0.0,0.934
0.0,0.0,0.0
0.0,0.0,0.0
0.0,0.0,0.0
0.2404,0.0,0.744
0.01,0.0,0.704
0.5063,0.0,0.427
0.098,1.0,0.538
0.0,0.0,0.0
0.535,0.0,0.715
0.3801,1.0,0.721
0.3572,0.0,0.703
0.6167,0.0,0.602
0.585,0.0,0.732
0.3718,0.0,0.09
0.6216,0.0,0.624
0.3447,0.0,0.731
0.1102,0.0,0.754
0.736,1.0,0.637
0.0101,1.0,0.259
0.1548,0.0,0.809
0.338,0.0,0.565
0.3394,0.0,0.725
0.1333,0.0,0.767
0.6284,0.0,0.79
0.3508,1.0,0.803
0.4143,0.0,0.519
0.1,0.0,0.866
0.4292,0.0,0.728
0.68,0.0,0.826
0.357,0.0,0.749
0.8,0.0,0.719
0.4885,1.0,0.537
0.7207,0.0,0.929
0.8745,1.0,0.917
0.3315,0.0,0.833
0.4985,0.0,0.753
0.524,0.0,0.758
0.4194,1.0,0.812
0.4202,0.0,0.851
0.5737,0.0,0.852
0.0,0.0,0.0
0.6016,0.0,0.893
0.5415,0.0,0.829
0.699,0.0,0.887
0.3528,0.0,0.75
0.0,0.0,0.0
0.2245,0.0,0.493
0.0,0.0,0.0
0.406,0.0,0.669
0.1794,0.0,0.677
0.2009,0.0,0.844
0.1166,0.0,0.435
0.7534,1.0,0.731
0.2198,0.0,0.81
0.4065,0.0,0.624
0.0,0.0,0.0
0.578,0.0,0.728
0.0,0.0,0.0
0.503,0.0,0.761
0.09406,0.0,0.869
0.3162,0.0,0.807
0.573,0.0,0.213
0.0,0.0,0.0
0.5273,0.0,0.802
0.682,0.0,0.884
0.3274,0.0,0.646
0.01,0.0,0.352
0.546,1.0,0.751
0.774,0.0,0.717
0.12445,0.0,0.8
0.363,0.0,0.758
0.589,0.0,0.633
0.4548,0.0,0.536
0.4023,0.0,0.909
0.0,0.0,0.0
0.3481,1.0,0.726
0.451,1.0,0.64
0.02908,0.0,0.912
0.2766,0.0,0.813
0.657,0.0,0.899
0.3794,0.0,0.844
0.0,0.0,0.0
0.401,0.0,0.906
0.4,0.0,0.789
0.539,0.0,0.749
0.3462,1.0,0.613
0.462,0.0,0.845
0.521,0.0,0.862
0.5786,0.0,0.772
0.5386,0.0,0.692
0.1415,0.0,0.45
0.164,0.0,0.764
0.553,0.0,0.418
0.638,0.0,0.736
0.606,0.0,0.668
0.4524,0.0,0.923
0.6763,0.0,0.929
0.4753,0.0,0.92
0.379,0.0,0.924
0.0,0.0,0.0
0.3748,0.0,0.608
0.0,0.0,0.0
0.34,0.0,0.75
0.311,1.0,0.51
0.3357,0.0,0.708
0.1353,1.0,0.89
0.61,1.0,0.446
0.175,0.0,0.197
0.1923,0.0,0.792
0.4604,0.0,0.749
0.3884,1.0,0.473
0.599,0.0,0.839
0.606,0.0,0.184
0.53,1.0,0.361
0.7515,0.0,0.847
0.514,1.0,0.694
0.45,0.0,0.791
0.52,0.0,0.826
0.4614,0.0,0.554
0.287,0.0,0.574
0.4822,1.0,0.576
0.0937,0.0,0.61
0.6606,0.0,0.737
0.616,0.0,0.466
0.555,1.0,0.792
0.5312,0.0,0.777
0.1888,0.0,0.718
0.2866,0.0,0.491
0.633,0.0,0.889
0.5894,0.0,0.894
0.466,0.0,0.797
0.539,0.0,0.756
0.1993,0.0,0.733
0.305,1.0,0.715
0.4304,0.0,0.511
0.543,0.0,0.827
0.53,1.0,0.35
0.399,0.0,0.775
0.6787,0.0,0.62
0.1914,0.0,0.146
0.3987,1.0,0.808
0.4258,0.0,0.736
0.665,1.0,0.836
0.614,1.0,0.641
0.04285,0.0,0.576
0.6387,0.0,0.851
0.323,0.0,0.077
0.271,0.0,0.812
0.409,0.0,0.792
0.712,0.0,0.948
0.2805,0.0,0.593
0.5,0.0,0.88
0.5845,0.0,0.735
0.421,0.0,0.11
0.0,0.0,0.0
0.0,0.0,0.0
0.626,0.0,0.917
0.0,0.0,0.0
0.0,0.0,0.0
0.0,0.0,0.0
0.579,0.0,0.467
0.4907,0.0,0.842
0.0,0.0,0.0
0.0,0.0,0.0
0.6694,0.0,0.919
0.0,0.0,0.0
0.1842,0.0,0.751
0.0,0.0,0.0
0.0,0.0,0.0
0.395,0.0,0.514
0.3118,0.0,0.885
0.4192,0.0,0.813
0.591,0.0,0.152
0.6245,0.0,0.942
0.2106,0.0,0.675
0.558,0.0,0.871
0.275,1.0,0.886
0.0,0.0,0.0
0.528,0.0,0.703
0.0,0.0,0.0
0.0,0.0,0.0
0.774,0.0,0.707
0.437,0.0,0.632
0.0,0.0,0.0
0.8354,0.0,0.637
0.4915,0.0,0.87
0.0,0.0,0.0
0.0,0.0,0.0
0.3845,0.0,0.828
0.8027,1.0,0.807
0.5454,0.0,0.914
0.0,0.0,0.0
0.0,0.0,0.0
0.0,0.0,0.0
0.4163,0.0,0.653
0.3904,0.0,0.768
0.0,0.0,0.0
0.533,0.0,0.923
0.0,0.0,0.0
0.2666,1.0,0.736
0.581,0.0,0.742
0.6646,0.0,0.578
0.719,0.0,0.858
0.4265,0.0,0.758
0.6143,1.0,0.502
0.3572,0.0,0.939
0.657,0.0,0.647
0.0,0.0,0.0
0.3447,0.0,0.751
0.0,0.0,0.0
0.02597,0.0,0.901
0.3755,0.0,0.596
0.4387,1.0,0.648
0.4187,0.0,0.758
0.453,1.0,0.82
0.0,0.0,0.0
0.6,1.0,0.869
0.0,0.0,0.0
0.0,0.0,0.0
0.0,0.0,0.0
0.0,0.0,0.0
0.4329,0.0,0.796
0.637,0.0,0.943
0.0,0.0,0.0
0.2585,0.0,0.564
0.5615,1.0,0.754
0.0,0.0,0.0
0.0,0.0,0.0
0.7314,0.0,0.906
0.0,0.0,0.0
0.0,0.0,0.0
0.0,0.0,0.0
0.6772,0.0,0.889
0.0,0.0,0.0
0.0,0.0,0.0
0.1636,0.0,0.802
0.0,0.0,0.0
0.4773,0.0,0.57
0.2954,0.0,0.897
0.0,0.0,0.0
0.2698,0.0,0.826
0.0,0.0,0.0
0.4727,0.0,0.809
0.3318,0.0,0.682
0.0,0.0,0.0
0.0,0.0,0.0
0.0,0.0,0.0
0.603,0.0,0.927
0.0,0.0,0.0
0.0,0.0,0.0
0.7163,0.0,0.746
0.4966,0.0,0.889
0.0,0.0,0.0
0.0,0.0,0.0
0.0,0.0,0.0
0.0,0.0,0.0
0.0,0.0,0.0
0.0,0.0,0.0
0.148,1.0,0.222
0.4272,1.0,0.898
0.0,0.0,0.0
0.0,0.0,0.0
0.0,0.0,0.0
0.352,0.0,0.699
0.4868,0.0,0.915
0.193,0.0,0.909
0.0,0.0,0.0
0.3933,1.0,0.761
0.0,0.0,0.0
0.505,1.0,0.829
0.0,0.0,0.0
0.0,0.0,0.0
0.0,0.0,0.0
0.6074,0.0,0.865
0.4202,0.0,0.749
0.481,0.0,0.48
0.1857,0.0,0.804
0.0,0.0,0.0
0.0,0.0,0.0
0.413,0.0,0.895
0.0,0.0,0.0
0.0,0.0,0.0
0.615,0.0,0.742
0.0,0.0,0.0
0.0,0.0,0.0
0.0,0.0,0.0
0.0,0.0,0.0
0.0,0.0,0.0
0.0,0.0,0.0
0.0,0.0,0.0
0.0,0.0,0.0
0.5366,0.0,0.79
0.0,0.0,0.0
0.0,0.0,0.0
0.0116,0.0,0.762
0.05856,0.0,0.644
0.2576,1.0,0.761
0.0,0.0,0.0
0.0,0.0,0.0
0.14,0.0,0.643
0.0,0.0,0.0
0.0,0.0,0.0
0.0,0.0,0.0
0.3667,0.0,0.773
0.0,0.0,0.0
0.0,0.0,0.0
0.0,0.0,0.0
0.3765,0.0,0.819
0.0,0.0,0.0
0.0,0.0,0.0
0.0,0.0,0.0
0.239,0.0,0.507
0.0,0.0,0.0
0.1752,1.0,0.769
0.3848,1.0,0.856
0.35,0.0,0.661
0.0,0.0,0.0
0.0,0.0,0.0
0.2944,0.0,0.741
0.676,0.0,0.268
0.0,0.0,0.0
0.534,0.0,0.71
0.411,0.0,0.855
0.0,0.0,0.0
0.0,0.0,0.0
0.0,0.0,0.0
0.655,0.0,0.258
0.6484,0.0,0.84
0.0,0.0,0.0
0.4426,0.0,0.853
0.0,0.0,0.0
0.0,0.0,0.0
0.548,1.0,0.747
0.3577,0.0,0.873
0.5703,1.0,0.776
0.0,0.0,0.0
0.0,0.0,0.0
0.0,0.0,0.0
0.0,0.0,0.0
0.0,0.0,0.0
0.0,0.0,0.0
0.0,0.0,0.0
0.0,0.0,0.0
0.0,0.0,0.0
0.0,0.0,0.0
0.0,0.0,0.0
0.0,0.0,0.0
0.6694,0.0,0.858
0.0,0.0,0.0
0.2349,1.0,0.614
0.0,0.0,0.0
0.0,0.0,0.0
0.5073,0.0,0.952
0.426,0.0,0.764
0.2207,1.0,0.861
0.0,0.0,0.0
0.0,0.0,0.0
0.2009,0.0,0.79
0.0,0.0,0.0
0.583,0.0,0.494
0.3599,0.0,0.765
0.0,0.0,0.0
0.0,0.0,0.0
0.0,0.0,0.0
0.7275,0.0,0.69
0.3428,0.0,0.889
0.0,0.0,0.0
0.683,0.0,0.618
0.0,0.0,0.0
0.0,0.0,0.0
0.311,0.0,0.695
0.6504,0.0,0.845
0.0,0.0,0.0
0.0,0.0,0.0
0.0,0.0,0.0
0.0,0.0,0.0
0.0,0.0,0.0
0.0,0.0,0.0
0.0,0.0,0.0
0.0,0.0,0.0
0.0,0.0,0.0
0.0,0.0,0.0
0.0,0.0,0.0
0.407,0.0,0.772
0.531,0.0,0.738
0.0,0.0,0.0
0.0,0.0,0.0
0.0,0.0,0.0
0.5,0.0,0.653
0.0,0.0,0.0
0.0,0.0,0.0
0.0,0.0,0.0
0.1777,0.0,0.363
0.0,0.0,0.0
0.0,0.0,0.0
0.0,0.0,0.0
0.0,0.0,0.0
0.0,0.0,0.0
0.0,0.0,0.0
0.0,0.0,0.0
0.0,0.0,0.0
0.0,0.0,0.0
0.0,0.0,0.0
0.2249,0.0,0.917
0.3394,0.0,0.769
0.0,0.0,0.0
0.0,0.0,0.0
0.0,0.0,0.0
0.0,0.0,0.0
0.0,0.0,0.0
0.0,0.0,0.0
0.0,0.0,0.0
0.0,0.0,0.0
0.0,0.0,0.0
0.0657,0.0,0.86
0.0,0.0,0.0
0.0,0.0,0.0
0.5664,0.0,0.815
0.0,0.0,0.0
0.0,0.0,0.0
0.3052,0.0,0.873
0.56,0.0,0.889
0.0,0.0,0.0
0.0,0.0,0.0
0.0,0.0,0.0
0.8335,0.0,0.679
0.0,0.0,0.0
0.0,0.0,0.0
0.0,0.0,0.0
0.0,0.0,0.0
0.374,0.0,0.86
0.3933,0.0,0.896
0.0,0.0,0.0
0.2974,0.0,0.661
0.0,0.0,0.0
0.0,0.0,0.0
0.1261,0.0,0.721
0.1418,0.0,0.799
0.3972,0.0,0.909
0.0,0.0,0.0
0.5967,0.0,0.902
0.0,0.0,0.0
0.0,0.0,0.0
0.0,0.0,0.0
0.0,0.0,0.0
0.4456,0.0,0.912
0.7485,0.0,0.857
0.0,0.0,0.0
0.2063,0.0,0.544
0.0,0.0,0.0
0.0,0.0,0.0
0.3198,0.0,0.906
0.0,0.0,0.0
0.0,0.0,0.0
0.0,0.0,0.0
0.2349,0.0,0.903
0.0,0.0,0.0
0.0,0.0,0.0
0.0,0.0,0.0
0.674,0.0,0.332
0.0,0.0,0.0
0.5493,0.0,0.672
0.5933,0.0,0.823
0.0,0.0,0.0
0.5566,0.0,0.848
0.534,0.0,0.899
0.472,0.0,0.634
0.01,0.0,0.7
0.0,0.0,0.0
0.0,0.0,0.0
0.564,0.0,0.733
0.0,0.0,0.0
0.6255,0.0,0.794
0.0,0.0,0.0
0.0,0.0,0.0
0.394,0.0,0.657
0.0,0.0,0.0
0.0,0.0,0.0
0.7,0.0,0.497
0.0,0.0,0.0
0.0,0.0,0.0
0.3284,0.0,0.7
0.0,0.0,0.0
0.0,0.0,0.0
0.0,0.0,0.0
0.0,0.0,0.0
0.535,0.0,0.632
0.0,0.0,0.0
0.0,0.0,0.0
0.0,0.0,0.0
0.0,0.0,0.0
0.0,0.0,0.0
0.01,0.0,0.5
0.0,0.0,0.0
0.0,0.0,0.0
0.0,0.0,0.0
0.0,0.0,0.0
0.0,0.0,0.0
0.0,0.0,0.0
0.0,0.0,0.0
0.0,0.0,0.0
0.0,0.0,0.0
0.607,0.0,0.808
0.0,0.0,0.0
0.0,0.0,0.0
0.0,0.0,0.0
0.0,0.0,0.0
0.0,0.0,0.0
0.0,0.0,0.0
0.0,0.0,0.0
0.0,0.0,0.0
0.463,0.0,0.903
0.0,0.0,0.0
0.0,0.0,0.0
0.0,0.0,0.0
0.3635,0.0,0.773
0.0,0.0,0.0
0.0,0.0,0.0
0.0,0.0,0.0
0.0,0.0,0.0
0.0,0.0,0.0
0.0,0.0,0.0
0.0,0.0,0.0
0.0,0.0,0.0
0.0,0.0,0.0
0.0,0.0,0.0
0.0,0.0,0.0
0.0,0.0,0.0
0.0,0.0,0.0
0.0,0.0,0.0
0.0,0.0,0.0
0.0,0.0,0.0
0.5615,0.0,0.643
0.0,0.0,0.0
0.0,0.0,0.0
0.2172,0.0,0.531
0.0,0.0,0.0
0.0,0.0,0.0
0.0,0.0,0.0
0.0,0.0,0.0
0.0,0.0,0.0
0.0,0.0,0.0
0.0,0.0,0.0
0.01,0.0,0.679
0.0,0.0,0.0
0.0,0.0,0.0
0.0,0.0,0.0
0.0,0.0,0.0
0.0,0.0,0.0
0.0,0.0,0.0
0.565,0.0,0.887
0.0,0.0,0.0
0.0699,0.0,0.395
0.0,0.0,0.0
0.0,0.0,0.0
0.574,0.0,0.5
0.0,0.0,0.0
0.0,0.0,0.0
0.0,0.0,0.0
0.0,0.0,0.0
0.0,0.0,0.0
0.0,0.0,0.0
0.0,0.0,0.0
0.7446,0.0,0.535
0.0,0.0,0.0
0.0,0.0,0.0
0.0,0.0,0.0
0.0,0.0,0.0
0.616,0.0,0.748
0.0,0.0,0.0
0.1727,0.0,0.934
0.0,0.0,0.0
0.5186,0.0,0.86
0.0,0.0,0.0
0.0,0.0,0.0
0.0,0.0,0.0
0.0,0.0,0.0
0.2478,0.0,0.599
0.514,0.0,0.848
0.542,0.0,0.752
0.0,0.0,0.0
0.0,0.0,0.0
0.569,0.0,0.873
0.6865,0.0,0.756
0.0,0.0,0.0
0.0,0.0,0.0
0.0,0.0,0.0
0.0,0.0,0.0
0.0,0.0,0.0
0.257,0.0,0.2
0.0,0.0,0.0
0.0,0.0,0.0
0.2986,0.0,0.918
0.0,0.0,0.0
0.766,0.0,0.76
0.1417,1.0,0.838
0.0,0.0,0.0
0.0,0.0,0.0
0.0,0.0,0.0
0.0,0.0,0.0
0.1991,0.0,0.822
0.0,0.0,0.0
0.0,0.0,0.0
0.0,0.0,0.0
0.0,0.0,0.0
0.5864,0.0,0.903
0.0,0.0,0.0
0.0,0.0,0.0
0.0,0.0,0.0
0.0,0.0,0.0
0.0,0.0,0.0
0.0,0.0,0.0
0.3438,0.0,0.76
0.0,0.0,0.0
0.0,0.0,0.0
0.0,0.0,0.0
0.0,0.0,0.0
0.0,0.0,0.0
0.3123,0.0,0.813
0.0,0.0,0.0
0.0,0.0,0.0
0.0,0.0,0.0
0.731,0.0,0.889
0.425,0.0,0.868
0.0,0.0,0.0
0.0,0.0,0.0
0.0,0.0,0.0
0.0,0.0,0.0
0.0,0.0,0.0
0.518,0.0,0.647
0.5205,0.0,0.798
0.0,0.0,0.0
0.0,0.0,0.0
0.0,0.0,0.0
0.0,0.0,0.0
0.0,0.0,0.0
0.0,0.0,0.0
0.0,0.0,0.0
0.0,0.0,0.0
0.0,0.0,0.0
0.5947,0.0,0.807
0.0,0.0,0.0
0.0,0.0,0.0
0.0,0.0,0.0
0.0,0.0,0.0
0.0,0.0,0.0
0.0,0.0,0.0
0.3289,0.0,0.869
0.0,0.0,0.0
0.0,0.0,0.0
0.0,0.0,0.0
0.4495,0.0,0.549
0.0,0.0,0.0
0.0,0.0,0.0
0.4285,0.0,0.789
0.0,0.0,0.0
0.0,0.0,0.0
0.0,0.0,0.0
0.6494,1.0,0.824
0.0,0.0,0.0
0.0,0.0,0.0
0.0,0.0,0.0
0.0,0.0,0.0
0.0,0.0,0.0
0.0,0.0,0.0
0.0,0.0,0.0
0.0,0.0,0.0
0.59,0.0,0.837
0.0,0.0,0.0
0.577,0.0,0.537
0.0,0.0,0.0
0.0,0.0,0.0
0.0,0.0,0.0
0.0,0.0,0.0
0.0,0.0,0.0
0.0,0.0,0.0
0.0,0.0,0.0
0.0,0.0,0.0
0.0,0.0,0.0
0.0,0.0,0.0
0.0,0.0,0.0
0.0,0.0,0.0
0.0,0.0,0.0
0.0,0.0,0.0
0.0,0.0,0.0
0.0,0.0,0.0
0.0,0.0,0.0
0.0,0.0,0.0
0.0,0.0,0.0
0.0,0.0,0.0
0.0,0.0,0.0
0.0,0.0,0.0
0.0,0.0,0.0
0.0,0.0,0.0
0.0,0.0,0.0
0.0,0.0,0.0
0.0,0.0,0.0
0.0,0.0,0.0
0.36,0.0,0.812
0.0,0.0,0.0
0.0,0.0,0.0
0.0,0.0,0.0
0.0,0.0,0.0
0.0,0.0,0.0
0.0,0.0,0.0
0.4744,0.0,0.572
0.0,0.0,0.0
0.0,0.0,0.0
0.5576,0.0,0.758
0.0,0.0,0.0
0.4714,0.0,0.819
0.0,0.0,0.0
0.0,0.0,0.0
0.0,0.0,0.0
0.0,0.0,0.0
0.0,0.0,0.0
0.0,0.0,0.0
0.0,0.0,0.0
0.5845,0.0,0.715
0.0,0.0,0.0
0.0,0.0,0.0
0.0,0.0,0.0
0.0,0.0,0.0
0.0,0.0,0.0
0.5,0.5,0.5
0.0,0.0,0.0
0.0,0.0,0.0
0.0,0.0,0.0
0.0,0.0,0.0
0.0,0.0,0.0
0.0,0.0,0.0
0.0,0.0,0.0
0.05927,0.0,0.495
0.0,0.0,0.0
0.0,0.0,0.0
0.0,0.0,0.0
0.0,0.0,0.0
0.0,0.0,0.0
0.0,0.0,0.0
0.0,0.0,0.0
0.0,0.0,0.0
0.0,0.0,0.0
0.0,0.0,0.0
0.0,0.0,0.0
0.0,0.0,0.0
0.0,0.0,0.0
0.0,0.0,0.0
0.0,0.0,0.0
0.04538,0.0,0.478
0.0,0.0,0.0
0.0,0.0,0.0
0.0,0.0,0.0
0.0,0.0,0.0
0.515,0.0,0.921
0.0,0.0,0.0
0.0,0.0,0.0
0.0,0.0,0.0
0.0,0.0,0.0
0.5933,0.0,0.864
0.6226,0.0,0.772
0.0,0.0,0.0
0.0,0.0,0.0
0.4158,0.0,0.909
0.0,0.0,0.0
0.39,0.0,0.713
0.573,0.0,0.852
0.0,0.0,0.0
0.0,0.0,0.0
0.0,0.0,0.0
0.1963,0.0,0.882
0.784,0.0,0.409
0.0,0.0,0.0
0.0,0.0,0.0
0.0,0.0,0.0
0.0,0.0,0.0
0.0,0.0,0.0
0.0,0.0,0.0
0.0,0.0,0.0
0.0,0.0,0.0
0.0,0.0,0.0
0.0,0.0,0.0
0.4607,0.0,0.766
0.0,0.0,0.0
0.0,0.0,0.0
0.0,0.0,0.0
0.0,0.0,0.0
0.0,0.0,0.0
0.0,0.0,0.0
0.0,0.0,0.0
0.0,0.0,0.0
0.0,0.0,0.0
0.0,0.0,0.0
0.0,0.0,0.0
0.0,0.0,0.0
0.0,0.0,0.0
0.0,0.0,0.0
0.0,0.0,0.0
0.0,0.0,0.0
0.0,0.0,0.0
0.0,0.0,0.0
0.0,0.0,0.0
0.0,0.0,0.0
0.5117,0.0,0.679
0.0,0.0,0.0
0.0,0.0,0.0
0.0,0.0,0.0
0.0,0.0,0.0
0.0,0.0,0.0
0.5635,0.0,0.4
0.0,0.0,0.0
0.0,0.0,0.0
0.0,0.0,0.0
0.0,0.0,0.0
0.0,0.0,0.0
0.0,0.0,0.0
0.0,0.0,0.0
0.0,0.0,0.0
0.0,0.0,0.0
0.54,0.0,0.634
0.0,0.0,0.0
0.0,0.0,0.0
0.0,0.0,0.0
0.0,0.0,0.0
0.11316,0.0,0.85
0.0,0.0,0.0
0.0,0.0,0.0
0.0,0.0,0.0
0.0,0.0,0.0
0.3794,0.0,0.931
0.0,0.0,0.0
0.0,0.0,0.0
0.0,0.0,0.0
0.0,0.0,0.0
0.0,0.0,0.0
0.0,0.0,0.0
0.0,0.0,0.0
0.0,0.0,0.0
0.0,0.0,0.0
0.0,0.0,0.0
0.0,0.0,0.0
0.0,0.0,0.0
0.0,0.0,0.0
0.0,0.0,0.0
0.0,0.0,0.0
0.4614,1.0,0.876
0.0,0.0,0.0
0.7017,0.0,0.039
0.0,0.0,0.0
0.0,0.0,0.0
0.0,0.0,0.0
0.6665,0.0,0.801
0.0,0.0,0.0
0.0,0.0,0.0
0.0,0.0,0.0
0.0,0.0,0.0
0.2251,0.0,0.817
0.0,0.0,0.0
0.0,0.0,0.0
0.0,0.0,0.0
0.0,0.0,0.0
0.0,0.0,0.0
0.0,0.0,0.0
0.0,0.0,0.0
0.0,0.0,0.0
0.0,0.0,0.0
0.0,0.0,0.0
0.0,0.0,0.0
0.0,0.0,0.0
0.0,0.0,0.0
0.0,0.0,0.0
0.0,0.0,0.0
0.0,0.0,0.0
0.0,0.0,0.0
0.0,0.0,0.0
0.0,0.0,0.0
0.0,0.0,0.0
0.0,0.0,0.0
0.0,0.0,0.0
0.0,0.0,0.0
0.0,0.0,0.0
0.0,0.0,0.0
0.0,0.0,0.0
0.0,0.0,0.0
0.0,0.0,0.0
0.0,0.0,0.0
0.0,0.0,0.0
0.0,0.0,0.0
0.0,0.0,0.0
0.0,0.0,0.0
0.0,0.0,0.0
0.0,0.0,0.0
0.0,0.0,0.0
0.0,0.0,0.0
0.0,0.0,0.0
0.0,0.0,0.0
0.592,1.0,0.669
0.0,0.0,0.0
0.0,0.0,0.0
0.0,0.0,0.0
0.0,0.0,0.0
0.0,0.0,0.0
0.421,0.0,0.642
0.569,0.0,0.86
0.0,0.0,0.0
0.0,0.0,0.0
0.0,0.0,0.0
0.0,0.0,0.0
0.0,0.0,0.0
0.0,0.0,0.0
0.0,0.0,0.0
0.0,0.0,0.0
0.6416,0.0,0.684
0.0,0.0,0.0
0.0,0.0,0.0
0.0,0.0,0.0
0.0,0.0,0.0
0.753,0.0,0.889
0.0,0.0,0.0
0.0,0.0,0.0
0.0,0.0,0.0
0.0,0.0,0.0
0.0,0.0,0.0
0.0,0.0,0.0
0.0,0.0,0.0
0.0,0.0,0.0
0.0,0.0,0.0
0.0,0.0,0.0
0.0,0.0,0.0
0.0,0.0,0.0
0.56,0.0,0.844
0.0,0.0,0.0
0.0,0.0,0.0
0.0,0.0,0.0
0.0,0.0,0.0
0.0,0.0,0.0
0.0,0.0,0.0
0.0,0.0,0.0
0.0,0.0,0.0
0.0,0.0,0.0
0.0,0.0,0.0
0.0,0.0,0.0
0.0,0.0,0.0
0.0,0.0,0.0
0.0,0.0,0.0
0.0,0.0,0.0
0.0,0.0,0.0
0.0,0.0,0.0
0.0,0.0,0.0
0.0,0.0,0.0
0.0,0.0,0.0
0.0,0.0,0.0
0.0,0.0,0.0
0.0,0.0,0.0
0.0,0.0,0.0
0.0,0.0,0.0
0.0,0.0,0.0
0.0,0.0,0.0
0.0,0.0,0.0
0.0,0.0,0.0
0.0,0.0,0.0
0.0,0.0,0.0
0.0,0.0,0.0
0.3171,1.0,0.696
0.0,0.0,0.0
0.0,0.0,0.0
0.0,0.0,0.0
0.0,0.0,0.0
0.0,0.0,0.0
0.0,0.0,0.0
0.6777,0.0,0.889
0.0,0.0,0.0
0.0,0.0,0.0
0.0,0.0,0.0
0.0,0.0,0.0
0.0,0.0,0.0
0.0,0.0,0.0
0.0,0.0,0.0
0.0,0.0,0.0
0.0,0.0,0.0
0.0,0.0,0.0
0.0,0.0,0.0
0.0,0.0,0.0
0.0,0.0,0.0
0.0,0.0,0.0
0.0,0.0,0.0
0.0,0.0,0.0
0.0,0.0,0.0
0.0,0.0,0.0
0.326,0.0,0.556
0.0,0.0,0.0
0.11206,0.0,0.705
0.0,0.0,0.0
0.0,0.0,0.0
0.0,0.0,0.0
0.0,0.0,0.0
0.0,0.0,0.0
0.0,0.0,0.0
0.0,0.0,0.0
0.0,0.0,0.0
0.0,0.0,0.0
0.0,0.0,0.0
0.0,0.0,0.0
0.0,0.0,0.0
0.0,0.0,0.0
0.0,0.0,0.0
0.0,0.0,0.0
0.0,0.0,0.0
0.0,0.0,0.0
0.0,0.0,0.0
0.0,0.0,0.0
0.0,0.0,0.0
0.0,0.0,0.0
0.0,0.0,0.0
0.4285,0.0,0.773
0.0,0.0,0.0
0.0,0.0,0.0
0.0,0.0,0.0
0.519,0.0,0.814
0.0,0.0,0.0
0.0,0.0,0.0
0.0,0.0,0.0
0.0,0.0,0.0
0.0,0.0,0.0
0.0,0.0,0.0
0.0,0.0,0.0
0.8,0.0,0.706
0.0,0.0,0.0
0.0,0.0,0.0
0.0,0.0,0.0
0.0,0.0,0.0
0.0,0.0,0.0
0.0,0.0,0.0
0.0,0.0,0.0
0.0,0.0,0.0
0.0,0.0,0.0
0.0,0.0,0.0
0.0,0.0,0.0
0.0,0.0,0.0
0.0,0.0,0.0
0.0,0.0,0.0
0.0,0.0,0.0
0.0,0.0,0.0
0.0,0.0,0.0
0.0,0.0,0.0
0.0,0.0,0.0
0.0,0.0,0.0
0.0,0.0,0.0
0.0,0.0,0.0
0.0,0.0,0.0
0.0,0.0,0.0
0.0,0.0,0.0
0.0,0.0,0.0
0.0,0.0,0.0
0.0,0.0,0.0
0.0,0.0,0.0
0.0,0.0,0.0
0.0,0.0,0.0
0.0,0.0,0.0
0.0,0.0,0.0
0.0,0.0,0.0
0.0,0.0,0.0
0.0,0.0,0.0
0.0,0.0,0.0
0.0,0.0,0.0
0.0,0.0,0.0
0.0,0.0,0.0
0.0,0.0,0.0
0.0,0.0,0.0
0.0,0.0,0.0
0.635,0.0,0.514
0.0,0.0,0.0
0.0,0.0,0.0
0.0,0.0,0.0
0.0,0.0,0.0
0.0,0.0,0.0
0.0,0.0,0.0
0.0,0.0,0.0
0.0,0.0,0.0
0.0,0.0,0.0
0.0,0.0,0.0
0.0,0.0,0.0
0.0,0.0,0.0
0.0,0.0,0.0
0.0,0.0,0.0
0.0,0.0,0.0
0.0,0.0,0.0
0.0,0.0,0.0
0.0,0.0,0.0
0.0,0.0,0.0
0.5903,0.0,0.242
0.0,0.0,0.0
0.0,0.0,0.0
0.0,0.0,0.0
0.0,0.0,0.0
0.0,0.0,0.0
0.0,0.0,0.0
0.0,0.0,0.0
0.0,0.0,0.0
0.0,0.0,0.0
0.0,0.0,0.0
0.0,0.0,0.0
0.0,0.0,0.0
0.0,0.0,0.0
0.0,0.0,0.0
0.0,0.0,0.0
0.0,0.0,0.0
0.0,0.0,0.0
0.0,0.0,0.0
0.0,0.0,0.0
0.0,0.0,0.0
0.0,0.0,0.0
0.0,0.0,0.0
0.0,0.0,0.0
0.0,0.0,0.0
0.0,0.0,0.0
0.0,0.0,0.0
0.0,0.0,0.0
0.0,0.0,0.0
0.0,0.0,0.0
0.0,0.0,0.0
0.0,0.0,0.0
0.0,0.0,0.0
0.0,0.0,0.0
0.0,0.0,0.0
0.0,0.0,0.0
0.0,0.0,0.0
0.1821,0.0,0.582
0.0,0.0,0.0
0.3386,0.0,0.808
0.4524,0.0,0.622
0.0,0.0,0.0
0.0,0.0,0.0
0.0,0.0,0.0
0.0,0.0,0.0
0.3118,0.0,0.748
0.0,0.0,0.0
0.0,0.0,0.0
0.0,0.0,0.0
0.0,0.0,0.0
0.0,0.0,0.0
0.0,0.0,0.0
0.6167,0.0,0.715
0.0,0.0,0.0
0.0,0.0,0.0
0.0,0.0,0.0
0.0,0.0,0.0
0.0,0.0,0.0
0.0,0.0,0.0
0.0,0.0,0.0
0.0,0.0,0.0
0.0,0.0,0.0
0.0,0.0,0.0
0.0,0.0,0.0
0.0,0.0,0.0
0.0,0.0,0.0
0.0,0.0,0.0
0.0,0.0,0.0
0.0,0.0,0.0
0.0,0.0,0.0
0.0,0.0,0.0
0.0,0.0,0.0
0.0,0.0,0.0
0.0,0.0,0.0
0.0,0.0,0.0
0.0,0.0,0.0
0.3577,1.0,0.739
0.6,0.0,0.668
0.0,0.0,0.0
0.0,0.0,0.0
0.0,0.0,0.0
0.0,0.0,0.0
0.0,0.0,0.0
0.0,0.0,0.0
0.0,0.0,0.0
0.0,0.0,0.0
0.0,0.0,0.0
0.0,0.0,0.0
0.0,0.0,0.0
0.0,0.0,0.0
0.0,0.0,0.0
0.0,0.0,0.0
0.0,0.0,0.0
0.557,0.0,0.858
0.0,0.0,0.0
0.0,0.0,0.0
0.0,0.0,0.0
0.0,0.0,0.0
0.0,0.0,0.0
0.0,0.0,0.0
0.0,0.0,0.0
0.0,0.0,0.0
0.0,0.0,0.0
0.0,0.0,0.0
0.0,0.0,0.0
0.491,0.0,0.804
0.0,0.0,0.0
0.0,0.0,0.0
0.0,0.0,0.0
0.0,0.0,0.0
0.6753,0.0,0.739
0.0,0.0,0.0
0.0,0.0,0.0
0.0,0.0,0.0
0.0,0.0,0.0
0.0,0.0,0.0
0.332,0.0,0.773
0.0,0.0,0.0
0.0,0.0,0.0
0.0,0.0,0.0
0.0,0.0,0.0
0.0,0.0,0.0
0.0,0.0,0.0
0.0,0.0,0.0
0.0,0.0,0.0
0.0,0.0,0.0
0.0,0.0,0.0
0.0,0.0,0.0
0.0,0.0,0.0
0.0,0.0,0.0
0.0,0.0,0.0
0.0,0.0,0.0
0.0,0.0,0.0
0.0,0.0,0.0
0.0,0.0,0.0
0.0,0.0,0.0
0.0,0.0,0.0
0.0,0.0,0.0
0.0,0.0,0.0
0.0,0.0,0.0
0.0,0.0,0.0
0.0,0.0,0.0
0.0,0.0,0.0
0.0,0.0,0.0
0.0,0.0,0.0
0.0,0.0,0.0
0.316,0.0,0.829
0.7173,0.0,0.897
0.0,0.0,0.0
0.0,0.0,0.0
0.0,0.0,0.0
0.0,0.0,0.0
0.0,0.0,0.0
0.509,0.0,0.559
0.0,0.0,0.0
0.0,0.0,0.0
0.569,0.0,0.837
0.0,0.0,0.0
0.0,0.0,0.0
0.0,0.0,0.0
0.0,0.0,0.0
0.0,0.0,0.0
0.6045,0.0,0.552
0.0,0.0,0.0
0.0,0.0,0.0
0.0,0.0,0.0
0.0,0.0,0.0
0.0,0.0,0.0
0.5317,0.0,0.741
0.0,0.0,0.0
0.0,0.0,0.0
0.0,0.0,0.0
0.0,0.0,0.0
0.0,0.0,0.0
0.0,0.0,0.0
0.0,0.0,0.0
0.0,0.0,0.0
0.0,0.0,0.0
0.0,0.0,0.0
0.0,0.0,0.0
0.0,0.0,0.0
0.0,0.0,0.0
0.0,0.0,0.0
0.0,0.0,0.0
0.0,0.0,0.0
0.0,0.0,0.0
0.0,0.0,0.0
0.0,0.0,0.0
0.0,0.0,0.0
0.0,0.0,0.0
0.0,0.0,0.0
0.0,0.0,0.0
0.0,0.0,0.0
0.0,0.0,0.0
0.0,0.0,0.0
0.0,0.0,0.0
0.0,0.0,0.0
0.0,0.0,0.0
0.0,0.0,0.0
0.0,0.0,0.0
0.0,0.0,0.0
0.0,0.0,0.0
0.0,0.0,0.0
0.0,0.0,0.0
0.0,0.0,0.0
0.0,0.0,0.0
0.0,0.0,0.0
0.0,0.0,0.0
0.0,0.0,0.0
0.0,0.0,0.0
0.0,0.0,0.0
0.0,0.0,0.0
0.0,0.0,0.0
0.0,0.0,0.0
0.0,0.0,0.0
0.0,0.0,0.0
0.0,0.0,0.0
0.0,0.0,0.0
0.0,0.0,0.0
0.0,0.0,0.0
0.0,0.0,0.0
0.0,0.0,0.0
0.0,0.0,0.0
0.0,0.0,0.0
0.0,0.0,0.0
0.0,0.0,0.0
0.0,0.0,0.0
0.0,0.0,0.0
0.0,0.0,0.0
0.0,0.0,0.0
0.0,0.0,0.0
0.0,0.0,0.0
0.0,0.0,0.0
0.0,0.0,0.0
0.0,0.0,0.0
0.0,0.0,0.0
0.0,0.0,0.0
0.0,0.0,0.0
0.0,0.0,0.0
0.0,0.0,0.0
0.0,0.0,0.0
0.0,0.0,0.0
0.0,0.0,0.0
0.0,0.0,0.0
0.0,0.0,0.0
0.0,0.0,0.0
0.0,0.0,0.0
0.0,0.0,0.0
0.0,0.0,0.0
0.0,0.0,0.0
0.0,0.0,0.0
0.0,0.0,0.0
0.0,0.0,0.0
0.0,0.0,0.0
0.0,0.0,0.0
0.0,0.0,0.0
0.0,0.0,0.0
0.0,0.0,0.0
0.0,0.0,0.0
0.0,0.0,0.0
0.0,0.0,0.0
0.0,0.0,0.0
0.0,0.0,0.0
0.0,0.0,0.0
0.0,0.0,0.0
0.0,0.0,0.0
0.0,0.0,0.0
0.0,0.0,0.0
0.0,0.0,0.0
0.0,0.0,0.0
0.0,0.0,0.0
0.0,0.0,0.0
0.0,0.0,0.0
0.0,0.0,0.0
0.0,0.0,0.0
0.0,0.0,0.0
0.0,0.0,0.0
0.0,0.0,0.0
0.0,0.0,0.0
0.0,0.0,0.0
0.0,0.0,0.0
0.0,0.0,0.0
0.0,0.0,0.0
0.0,0.0,0.0
0.0,0.0,0.0
0.0,0.0,0.0
0.0,0.0,0.0
0.0,0.0,0.0
0.0,0.0,0.0
0.0,0.0,0.0
0.0,0.0,0.0
0.0,0.0,0.0
0.0,0.0,0.0
0.0,0.0,0.0
0.0,0.0,0.0
0.0,0.0,0.0
0.0,0.0,0.0
0.0,0.0,0.0
0.0,0.0,0.0
0.0,0.0,0.0
0.0,0.0,0.0
0.0,0.0,0.0
0.0,0.0,0.0
0.0,0.0,0.0
0.0,0.0,0.0
0.0,0.0,0.0
0.0,0.0,0.0
0.0,0.0,0.0
0.0,0.0,0.0
0.0,0.0,0.0
0.0,0.0,0.0
0.0,0.0,0.0
0.0,0.0,0.0
0.0,0.0,0.0
0.0,0.0,0.0
0.0,0.0,0.0
0.0,0.0,0.0
0.0,0.0,0.0
0.0,0.0,0.0
0.0,0.0,0.0
0.0,0.0,0.0
0.0,0.0,0.0
0.0,0.0,0.0
0.0,0.0,0.0
0.0,0.0,0.0
0.0,0.0,0.0
0.0,0.0,0.0
0.0,0.0,0.0
0.0,0.0,0.0
0.0,0.0,0.0
0.0,0.0,0.0
0.0,0.0,0.0
0.0,0.0,0.0
0.0,0.0,0.0
0.0,0.0,0.0
0.0,0.0,0.0
0.0,0.0,0.0
0.0,0.0,0.0
0.0,0.0,0.0
0.0,0.0,0.0
0.0,0.0,0.0
0.0,0.0,0.0
0.0,0.0,0.0
0.0,0.0,0.0
0.0,0.0,0.0
0.0,0.0,0.0
0.0,0.0,0.0
0.0,0.0,0.0
0.0,0.0,0.0
0.0,0.0,0.0
0.0,0.0,0.0
0.0,0.0,0.0
0.0,0.0,0.0
0.0,0.0,0.0
0.0,0.0,0.0
0.0,0.0,0.0
0.0,0.0,0.0
0.0,0.0,0.0
0.0,0.0,0.0
0.0,0.0,0.0
0.0,0.0,0.0
0.0,0.0,0.0
0.0,0.0,0.0
0.0,0.0,0.0
0.0,0.0,0.0
0.0,0.0,0.0
0.0,0.0,0.0
0.0,0.0,0.0
0.0,0.0,0.0
0.0,0.0,0.0
0.0,0.0,0.0
0.0,0.0,0.0
0.0,0.0,0.0
0.0,0.0,0.0
0.0,0.0,0.0
0.0,0.0,0.0
0.0,0.0,0.0
0.0,0.0,0.0
0.0,0.0,0.0
0.0,0.0,0.0
0.0,0.0,0.0
0.0,0.0,0.0
0.0,0.0,0.0
0.0,0.0,0.0
0.0,0.0,0.0
0.0,0.0,0.0
0.0,0.0,0.0
0.0,0.0,0.0
0.0,0.0,0.0
0.0,0.0,0.0
0.0,0.0,0.0
0.0,0.0,0.0
0.0,0.0,0.0
0.0,0.0,0.0
0.0,0.0,0.0
0.0,0.0,0.0
0.0,0.0,0.0
0.0,0.0,0.0
0.0,0.0,0.0
0.0,0.0,0.0
0.0,0.0,0.0
0.0,0.0,0.0
0.0,0.0,0.0
0.0,0.0,0.0
0.0,0.0,0.0
0.0,0.0,0.0
0.0,0.0,0.0
0.0,0.0,0.0
0.0,0.0,0.0
0.0,0.0,0.0
0.0,0.0,0.0
0.0,0.0,0.0
0.0,0.0,0.0
0.0,0.0,0.0
0.0,0.0,0.0
0.0,0.0,0.0
0.0,0.0,0.0
0.0,0.0,0.0
0.0,0.0,0.0
0.0,0.0,0.0
0.0,0.0,0.0
0.0,0.0,0.0
0.0,0.0,0.0
0.0,0.0,0.0
0.0,0.0,0.0
0.0,0.0,0.0
0.0,0.0,0.0
0.0,0.0,0.0
0.0,0.0,0.0
0.0,0.0,0.0
0.0,0.0,0.0
0.0,0.0,0.0
0.0,0.0,0.0
0.0,0.0,0.0
0.0,0.0,0.0
0.0,0.0,0.0
0.0,0.0,0.0
0.0,0.0,0.0
0.0,0.0,0.0
0.0,0.0,0.0
0.0,0.0,0.0
0.0,0.0,0.0
0.0,0.0,0.0
0.0,0.0,0.0
0.0,0.0,0.0
0.0,0.0,0.0
0.0,0.0,0.0
0.0,0.0,0.0
0.0,0.0,0.0
0.0,0.0,0.0
0.0,0.0,0.0
0.0,0.0,0.0
0.0,0.0,0.0
0.0,0.0,0.0
0.0,0.0,0.0
0.0,0.0,0.0
0.0,0.0,0.0
0.0,0.0,0.0
0.0,0.0,0.0
0.0,0.0,0.0
0.0,0.0,0.0
0.0,0.0,0.0
0.0,0.0,0.0
0.0,0.0,0.0
0.0,0.0,0.0
0.0,0.0,0.0
0.0,0.0,0.0
0.0,0.0,0.0
0.0,0.0,0.0
0.0,0.0,0.0
0.0,0.0,0.0
0.0,0.0,0.0
0.0,0.0,0.0
0.0,0.0,0.0
0.0,0.0,0.0
0.0,0.0,0.0
0.0,0.0,0.0
0.0,0.0,0.0
0.0,0.0,0.0
0.0,0.0,0.0
0.0,0.0,0.0
0.0,0.0,0.0
0.0,0.0,0.0
0.0,0.0,0.0
0.0,0.0,0.0
0.0,0.0,0.0
0.0,0.0,0.0
0.0,0.0,0.0
0.0,0.0,0.0
0.0,0.0,0.0
0.0,0.0,0.0
0.0,0.0,0.0
0.0,0.0,0.0
0.0,0.0,0.0
0.0,0.0,0.0
0.0,0.0,0.0
0.0,0.0,0.0
0.0,0.0,0.0
0.0,0.0,0.0
0.0,0.0,0.0
0.0,0.0,0.0
0.0,0.0,0.0
0.0,0.0,0.0
0.0,0.0,0.0
0.0,0.0,0.0
0.0,0.0,0.0
0.0,0.0,0.0
0.0,0.0,0.0
0.0,0.0,0.0
0.0,0.0,0.0
0.0,0.0,0.0
0.0,0.0,0.0
0.0,0.0,0.0
0.0,0.0,0.0
0.0,0.0,0.0
0.0,0.0,0.0
0.0,0.0,0.0
0.0,0.0,0.0
0.0,0.0,0.0
0.0,0.0,0.0
0.0,0.0,0.0
0.0,0.0,0.0
0.0,0.0,0.0
0.0,0.0,0.0
0.0,0.0,0.0
0.0,0.0,0.0
0.0,0.0,0.0
0.0,0.0,0.0
0.0,0.0,0.0
0.0,0.0,0.0
0.0,0.0,0.0
0.0,0.0,0.0
0.0,0.0,0.0
0.0,0.0,0.0
0.0,0.0,0.0
0.0,0.0,0.0
0.0,0.0,0.0
0.0,0.0,0.0
0.0,0.0,0.0
0.0,0.0,0.0
0.0,0.0,0.0
0.0,0.0,0.0
0.0,0.0,0.0
0.0,0.0,0.0
0.0,0.0,0.0
0.0,0.0,0.0
0.0,0.0,0.0
0.0,0.0,0.0
0.0,0.0,0.0
0.0,0.0,0.0
0.0,0.0,0.0
0.0,0.0,0.0
0.0,0.0,0.0
0.0,0.0,0.0
0.0,0.0,0.0
0.0,0.0,0.0
0.0,0.0,0.0
0.0,0.0,0.0
0.0,0.0,0.0
0.0,0.0,0.0
0.0,0.0,0.0
0.0,0.0,0.0
0.0,0.0,0.0
0.0,0.0,0.0
0.0,0.0,0.0
0.0,0.0,0.0
0.0,0.0,0.0
0.0,0.0,0.0
0.0,0.0,0.0
0.0,0.0,0.0
0.0,0.0,0.0
0.0,0.0,0.0
0.0,0.0,0.0
0.0,0.0,0.0
0.0,0.0,0.0
0.0,0.0,0.0
0.0,0.0,0.0
0.0,0.0,0.0
0.0,0.0,0.0
0.0,0.0,0.0
0.0,0.0,0.0
0.0,0.0,0.0
0.0,0.0,0.0
0.0,0.0,0.0
0.0,0.0,0.0
